candidate_id,node_key,node_id,x,y,z,hit_count,visit_count,pair_hit_count,direction_hit_count,route_type_hit_count,route_ids,pairs,directions,route_types,label,label_prefix,slowness,risk_obstacle,risk_ra,risk_total,flz_support,emergency_risk,route_graph_degree,dbscan_cluster,dbscan_input,candidate_score,area_ix,area_iy,area_id,candidate_type,area_quota,area_selected_rank,area_density_sum,area_density_mean,area_density_max,area_density_norm,n_candidate_pool_nodes,density_hit_count
IP001,8515,8515,1550.0,4200.0,0.0,27,27,12,2,2,DB01_to_DK05_backward_main_04;DB01_to_DK05_forward_backup_04;DB01_to_DK06_forward_main_01;DB02_to_DK05_backward_main_03;DB02_to_DK05_forward_backup_04;DB02_to_DK06_forward_main_03;DK01_to_DK02_backward_backup_03;DK01_to_DK05_backward_backup_03;DK01_to_DK05_backward_main_03;DK01_to_DK05_forward_backup_02;DK01_to_DK06_forward_backup_03;DK01_to_DK06_forward_main_03;DK02_to_DK06_backward_backup_04;DK02_to_DK06_backward_main_04;DK02_to_DK06_forward_backup_02;DK02_to_DK06_forward_main_02;DK03_to_DK06_forward_main_03;DK04_to_DK05_backward_main_02;DK04_to_DK05_forward_backup_03;DK04_to_DK06_backward_backup_01;DK04_to_DK06_backward_main_01;DK04_to_DK06_backward_main_04;DK04_to_DK06_forward_backup_01;DK04_to_DK06_forward_main_01;DK04_to_DK06_forward_main_04;DK05_to_DK06_forward_backup_04;DK05_to_DK06_forward_main_04,DB01_to_DK05;DB01_to_DK06;DB02_to_DK05;DB02_to_DK06;DK01_to_DK02;DK01_to_DK05;DK01_to_DK06;DK02_to_DK06;DK03_to_DK06;DK04_to_DK05;DK04_to_DK06;DK05_to_DK06,backward;forward,backup;main,NONE,NONE,0.065012,0.0,0.0,0.0,0.58787,0.41213,6,0,True,0.6714810281517748,1,4,1_4,area_balanced_primary,3,1,2905.0,7.2625,112.0,1.0,101,27.0
IP002,8118,8118,1900.0,4000.0,0.0,21,21,11,2,2,DB01_to_DK02_backward_main_04;DB01_to_DK02_forward_backup_03;DB01_to_DK05_backward_main_04;DB01_to_DK05_forward_backup_04;DB01_to_DK06_backward_main_01;DB01_to_DK06_forward_backup_02;DB02_to_DK05_backward_main_03;DB02_to_DK05_forward_backup_04;DB02_to_DK06_forward_main_01;DK01_to_DK02_backward_main_03;DK01_to_DK02_forward_backup_03;DK01_to_DK05_backward_backup_03;DK01_to_DK05_backward_main_03;DK01_to_DK05_forward_backup_02;DK01_to_DK06_backward_backup_02;DK01_to_DK06_forward_backup_01;DK03_to_DK06_forward_backup_03;DK04_to_DK05_backward_main_02;DK04_to_DK05_forward_backup_03;DK04_to_DK06_backward_main_02;DK04_to_DK06_forward_backup_02,DB01_to_DK02;DB01_to_DK05;DB01_to_DK06;DB02_to_DK05;DB02_to_DK06;DK01_to_DK02;DK01_to_DK05;DK01_to_DK06;DK03_to_DK06;DK04_to_DK05;DK04_to_DK06,backward;forward,backup;main,NONE,NONE,0.055975,0.0,0.0,0.0,0.853676,0.146324,7,0,True,0.6048653610771114,1,4,1_4,area_balanced_extra,3,2,2905.0,7.2625,112.0,1.0,101,21.0
IP003,8909,8909,1050.0,4400.0,0.0,19,19,14,2,2,DB01_to_DK02_backward_backup_03;DB01_to_DK02_backward_main_03;DB01_to_DK05_backward_backup_02;DB01_to_DK05_backward_main_02;DB01_to_DK06_forward_main_03;DB02_to_DK05_backward_main_03;DB02_to_DK05_forward_backup_04;DB02_to_DK06_forward_main_04;DK01_to_DK02_backward_backup_03;DK02_to_DK03_forward_main_01;DK02_to_DK06_forward_main_01;DK03_to_DK04_forward_backup_03;DK03_to_DK04_forward_main_03;DK03_to_DK05_forward_main_04;DK03_to_DK06_backward_main_01;DK04_to_DK05_backward_main_02;DK04_to_DK06_forward_backup_03;DK04_to_DK06_forward_main_03;DK05_to_DK06_backward_backup_02,DB01_to_DK02;DB01_to_DK05;DB01_to_DK06;DB02_to_DK05;DB02_to_DK06;DK01_to_DK02;DK02_to_DK03;DK02_to_DK06;DK03_to_DK04;DK03_to_DK05;DK03_to_DK06;DK04_to_DK05;DK04_to_DK06;DK05_to_DK06,backward;forward,backup;main,NONE,NONE,0.076987,0.0,0.0,0.0,0.235672,0.764328,4,0,True,0.5256425948592411,1,4,1_4,area_balanced_extra,3,3,2905.0,7.2625,112.0,1.0,101,19.0
IP004,9105,9105,750.0,4500.0,0.0,41,41,12,2,2,DB01_to_DK02_forward_main_04;DB01_to_DK05_backward_backup_01;DB01_to_DK05_backward_main_01;DB01_to_DK05_forward_backup_01;DB01_to_DK05_forward_backup_02;DB01_to_DK05_forward_main_01;DB01_to_DK05_forward_main_02;DB02_to_DK02_forward_main_03;DB02_to_DK05_backward_backup_02;DB02_to_DK05_backward_main_02;DB02_to_DK05_forward_backup_01;DB02_to_DK05_forward_main_01;DB02_to_DK05_forward_main_04;DK01_to_DK02_backward_main_03;DK01_to_DK05_backward_backup_01;DK01_to_DK05_backward_backup_03;DK01_to_DK05_backward_main_01;DK01_to_DK05_backward_main_03;DK01_to_DK05_forward_backup_01;DK01_to_DK05_forward_main_01;DK02_to_DK03_backward_main_01;DK02_to_DK04_backward_backup_03;DK02_to_DK04_backward_main_03;DK02_to_DK04_forward_backup_03;DK02_to_DK06_backward_main_01;DK03_to_DK05_backward_main_03;DK03_to_DK05_forward_backup_04;DK03_to_DK05_forward_main_01;DK03_to_DK05_forward_main_04;DK04_to_DK05_backward_backup_01;DK04_to_DK05_backward_main_01;DK04_to_DK05_backward_main_03;DK04_to_DK05_backward_main_04;DK04_to_DK05_forward_backup_01;DK04_to_DK05_forward_backup_04;DK04_to_DK05_forward_main_01;DK04_to_DK05_forward_main_04;DK05_to_DK06_backward_backup_01;DK05_to_DK06_backward_backup_02;DK05_to_DK06_forward_backup_01;DK05_to_DK06_forward_main_01,DB01_to_DK02;DB01_to_DK05;DB02_to_DK02;DB02_to_DK05;DK01_to_DK02;DK01_to_DK05;DK02_to_DK03;DK02_to_DK04;DK02_to_DK06;DK03_to_DK05;DK04_to_DK05;DK05_to_DK06,backward;forward,backup;main,NONE,NONE,0.081215,0.0,0.0,0.0,0.111324,0.888676,3,0,True,0.791829865361077,0,4,0_4,area_balanced_primary,2,1,2516.0,6.29,118.0,0.866092943201377,81,41.0
IP005,8187,8187,300.0,4050.0,0.0,38,38,7,2,2,DB01_to_DK02_backward_backup_02;DB01_to_DK02_backward_main_02;DB01_to_DK02_forward_backup_02;DB01_to_DK02_forward_backup_04;DB01_to_DK02_forward_main_04;DB02_to_DK02_backward_backup_02;DB02_to_DK02_backward_main_02;DB02_to_DK02_backward_main_03;DB02_to_DK02_forward_backup_02;DB02_to_DK02_forward_backup_03;DB02_to_DK02_forward_main_03;DK01_to_DK02_backward_backup_02;DK01_to_DK02_backward_backup_03;DK01_to_DK02_backward_main_02;DK01_to_DK02_backward_main_03;DK01_to_DK02_forward_backup_02;DK02_to_DK03_backward_backup_01;DK02_to_DK03_backward_backup_02;DK02_to_DK03_backward_main_01;DK02_to_DK03_backward_main_02;DK02_to_DK03_forward_backup_01;DK02_to_DK03_forward_main_01;DK02_to_DK04_backward_backup_02;DK02_to_DK04_backward_backup_03;DK02_to_DK04_backward_main_02;DK02_to_DK04_backward_main_03;DK02_to_DK04_forward_backup_02;DK02_to_DK04_forward_backup_03;DK02_to_DK04_forward_main_03;DK02_to_DK05_backward_backup_01;DK02_to_DK05_backward_main_01;DK02_to_DK05_backward_main_02;DK02_to_DK05_forward_backup_01;DK02_to_DK06_backward_backup_01;DK02_to_DK06_backward_main_01;DK02_to_DK06_backward_main_02;DK02_to_DK06_forward_backup_01;DK02_to_DK06_forward_main_01,DB01_to_DK02;DB02_to_DK02;DK01_to_DK02;DK02_to_DK03;DK02_to_DK04;DK02_to_DK05;DK02_to_DK06,backward;forward,backup;main,NONE,NONE,0.083727,0.0,0.0,0.0,0.037435,0.962565,3,0,True,0.7104957160342716,0,4,0_4,area_balanced_extra,2,2,2516.0,6.29,118.0,0.866092943201377,81,38.0
IP006,6291,6291,1450.0,3100.0,0.0,30,30,16,2,2,DB01_to_DK02_backward_main_02;DB01_to_DK02_forward_backup_02;DB01_to_DK03_forward_backup_04;DB01_to_DK05_backward_main_01;DB01_to_DK05_forward_backup_01;DB01_to_DK06_forward_main_01;DK01_to_DK02_forward_main_01;DK01_to_DK04_forward_main_04;DK01_to_DK05_forward_main_04;DK02_to_DK03_backward_backup_04;DK02_to_DK03_backward_main_04;DK02_to_DK03_forward_backup_02;DK02_to_DK04_backward_backup_02;DK02_to_DK04_backward_main_02;DK02_to_DK04_forward_backup_02;DK02_to_DK05_forward_backup_03;DK02_to_DK06_backward_backup_04;DK02_to_DK06_backward_main_04;DK02_to_DK06_forward_backup_02;DK03_to_DK04_backward_backup_01;DK03_to_DK04_forward_backup_04;DK03_to_DK05_backward_backup_04;DK03_to_DK05_backward_main_04;DK03_to_DK05_forward_backup_03;DK04_to_DK05_backward_main_01;DK04_to_DK05_forward_backup_01;DK04_to_DK06_backward_backup_01;DK04_to_DK06_backward_main_01;DK04_to_DK06_forward_backup_01;DK05_to_DK06_forward_backup_04,DB01_to_DK02;DB01_to_DK03;DB01_to_DK05;DB01_to_DK06;DK01_to_DK02;DK01_to_DK04;DK01_to_DK05;DK02_to_DK03;DK02_to_DK04;DK02_to_DK05;DK02_to_DK06;DK03_to_DK04;DK03_to_DK05;DK04_to_DK05;DK04_to_DK06;DK05_to_DK06,backward;forward,backup;main,NONE,NONE,0.07541,0.0,0.0,0.0,0.282063,0.717937,7,0,True,0.7699204406364749,1,3,1_3,area_balanced_primary,2,1,2291.0,5.7275,30.0,0.7886402753872633,100,30.0
IP007,7906,7906,1400.0,3900.0,0.0,27,27,15,2,2,DB01_to_DK02_backward_backup_02;DB01_to_DK02_forward_backup_04;DB01_to_DK05_forward_main_02;DB01_to_DK06_backward_backup_02;DB01_to_DK06_backward_main_02;DB01_to_DK06_forward_backup_01;DB02_to_DK02_backward_backup_02;DB02_to_DK02_backward_main_02;DB02_to_DK02_forward_backup_02;DB02_to_DK05_backward_main_02;DB02_to_DK05_forward_backup_01;DB02_to_DK06_forward_backup_03;DK01_to_DK02_backward_backup_02;DK01_to_DK02_backward_main_02;DK01_to_DK02_forward_backup_02;DK01_to_DK05_backward_backup_01;DK01_to_DK05_forward_backup_01;DK01_to_DK06_forward_backup_03;DK02_to_DK04_forward_main_03;DK02_to_DK06_forward_main_02;DK03_to_DK06_backward_backup_04;DK03_to_DK06_forward_backup_03;DK04_to_DK05_forward_main_04;DK04_to_DK06_backward_main_04;DK04_to_DK06_forward_main_01;DK04_to_DK06_forward_main_04;DK05_to_DK06_forward_main_04,DB01_to_DK02;DB01_to_DK05;DB01_to_DK06;DB02_to_DK02;DB02_to_DK05;DB02_to_DK06;DK01_to_DK02;DK01_to_DK05;DK01_to_DK06;DK02_to_DK04;DK02_to_DK06;DK03_to_DK06;DK04_to_DK05;DK04_to_DK06;DK05_to_DK06,backward;forward,backup;main,NONE,NONE,0.068332,0.0,0.0,0.0,0.490225,0.509775,4,0,True,0.6451652386780906,1,3,1_3,area_balanced_extra,2,2,2291.0,5.7275,30.0,0.7886402753872633,100,27.0
IP008,5780,5780,1150.0,2850.0,0.0,37,37,18,2,2,DB01_to_DK03_forward_main_04;DB02_to_DK02_backward_backup_01;DB02_to_DK02_backward_main_01;DB02_to_DK02_forward_backup_01;DB02_to_DK04_backward_backup_03;DB02_to_DK04_backward_main_03;DB02_to_DK04_forward_backup_04;DB02_to_DK05_backward_backup_04;DB02_to_DK05_backward_main_04;DB02_to_DK05_forward_backup_03;DB02_to_DK06_forward_backup_04;DK01_to_DK02_backward_backup_01;DK01_to_DK02_backward_main_01;DK01_to_DK02_forward_backup_01;DK01_to_DK04_backward_backup_01;DK01_to_DK04_forward_backup_04;DK01_to_DK05_forward_backup_04;DK02_to_DK03_backward_backup_04;DK02_to_DK03_backward_main_04;DK02_to_DK03_forward_backup_02;DK02_to_DK04_forward_main_02;DK02_to_DK05_forward_backup_03;DK02_to_DK06_backward_backup_04;DK02_to_DK06_backward_main_04;DK02_to_DK06_forward_backup_02;DK03_to_DK04_forward_main_04;DK03_to_DK05_backward_backup_04;DK03_to_DK05_backward_main_04;DK03_to_DK05_forward_backup_03;DK03_to_DK06_backward_backup_01;DK04_to_DK05_backward_main_03;DK04_to_DK05_backward_main_04;DK04_to_DK05_forward_main_01;DK04_to_DK06_backward_main_04;DK04_to_DK06_forward_main_01;DK04_to_DK06_forward_main_04;DK05_to_DK06_forward_backup_04,DB01_to_DK03;DB02_to_DK02;DB02_to_DK04;DB02_to_DK05;DB02_to_DK06;DK01_to_DK02;DK01_to_DK04;DK01_to_DK05;DK02_to_DK03;DK02_to_DK04;DK02_to_DK05;DK02_to_DK06;DK03_to_DK04;DK03_to_DK05;DK03_to_DK06;DK04_to_DK05;DK04_to_DK06;DK05_to_DK06,backward;forward,backup;main,NONE,NONE,0.081072,0.0,0.0,0.0,0.115533,0.884467,5,0,True,0.8333843329253366,1,2,1_2,area_balanced_primary,2,1,2199.0,5.4975,37.0,0.7569707401032703,97,37.0
IP009,4165,4165,1200.0,2050.0,0.0,13,13,9,2,2,DB01_to_DK02_backward_backup_01;DB01_to_DK02_backward_main_01;DB01_to_DK02_forward_backup_01;DB01_to_DK03_forward_main_04;DB01_to_DK04_backward_backup_03;DB01_to_DK05_forward_main_03;DB01_to_DK06_forward_main_03;DB02_to_DK04_backward_main_04;DB02_to_DK04_forward_main_01;DK01_to_DK04_backward_main_02;DK03_to_DK04_backward_backup_02;DK03_to_DK04_backward_main_02;DK04_to_DK06_backward_main_02,DB01_to_DK02;DB01_to_DK03;DB01_to_DK04;DB01_to_DK05;DB01_to_DK06;DB02_to_DK04;DK01_to_DK04;DK03_to_DK04;DK04_to_DK06,backward;forward,backup;main,NONE,NONE,0.081686,0.0,0.0,0.0,0.097478,0.902522,7,0,True,0.47744798041615666,1,2,1_2,area_balanced_extra,2,2,2199.0,5.4975,37.0,0.7569707401032703,97,13.0
IP010,7214,7214,2150.0,3550.0,0.0,22,22,8,2,2,DB01_to_DK01_backward_backup_01;DB01_to_DK01_forward_backup_03;DB01_to_DK01_forward_main_03;DB01_to_DK05_forward_main_04;DB01_to_DK06_forward_main_04;DB02_to_DK01_backward_backup_01;DB02_to_DK01_backward_backup_03;DB02_to_DK01_backward_backup_04;DB02_to_DK01_backward_main_01;DB02_to_DK01_backward_main_04;DB02_to_DK01_forward_backup_02;DK01_to_DK02_forward_backup_04;DK01_to_DK02_forward_main_04;DK01_to_DK03_backward_backup_01;DK01_to_DK03_backward_main_01;DK01_to_DK03_forward_backup_01;DK01_to_DK03_forward_backup_02;DK01_to_DK05_backward_backup_04;DK01_to_DK05_backward_main_04;DK01_to_DK05_forward_backup_03;DK01_to_DK05_forward_main_03;DK01_to_DK06_forward_backup_04,DB01_to_DK01;DB01_to_DK05;DB01_to_DK06;DB02_to_DK01;DK01_to_DK02;DK01_to_DK03;DK01_to_DK05;DK01_to_DK06,backward;forward,backup;main,NONE,NONE,0.056868,0.0,0.0,0.0,0.827412,0.172588,6,0,True,0.5701346389228887,2,3,2_3,area_balanced_primary,2,1,2118.0,5.295,114.0,0.7290877796901893,37,22.0
IP011,6206,6206,2250.0,3050.0,0.0,10,10,7,2,2,DB01_to_DK01_forward_main_04;DB01_to_DK03_forward_main_01;DB02_to_DK01_forward_main_03;DB02_to_DK02_backward_backup_02;DB02_to_DK02_backward_main_02;DB02_to_DK02_forward_backup_02;DB02_to_DK05_backward_main_02;DB02_to_DK05_forward_backup_01;DK01_to_DK04_forward_main_02;DK03_to_DK06_backward_main_01,DB01_to_DK01;DB01_to_DK03;DB02_to_DK01;DB02_to_DK02;DB02_to_DK05;DK01_to_DK04;DK03_to_DK06,backward;forward,backup;main,NONE,NONE,0.068332,0.0,0.0,0.0,0.490225,0.509775,6,0,True,0.3947980416156671,2,3,2_3,area_balanced_extra,2,2,2118.0,5.295,114.0,0.7290877796901893,37,10.0
IP012,2430,2430,300.0,1200.0,0.0,33,33,7,2,2,DB01_to_DK04_backward_backup_01;DB01_to_DK04_backward_backup_02;DB01_to_DK04_backward_main_02;DB01_to_DK04_backward_main_03;DB01_to_DK04_forward_backup_02;DB01_to_DK04_forward_backup_04;DB02_to_DK04_backward_backup_02;DB02_to_DK04_backward_main_02;DK01_to_DK04_backward_main_04;DK01_to_DK04_forward_main_01;DK02_to_DK04_backward_backup_01;DK02_to_DK04_backward_backup_02;DK02_to_DK04_backward_main_01;DK02_to_DK04_backward_main_02;DK02_to_DK04_backward_main_04;DK02_to_DK04_forward_backup_01;DK02_to_DK04_forward_main_01;DK02_to_DK04_forward_main_04;DK03_to_DK04_backward_main_04;DK03_to_DK04_forward_main_01;DK04_to_DK05_backward_backup_01;DK04_to_DK05_backward_main_01;DK04_to_DK05_backward_main_03;DK04_to_DK05_backward_main_04;DK04_to_DK05_forward_backup_01;DK04_to_DK05_forward_backup_04;DK04_to_DK05_forward_main_01;DK04_to_DK06_backward_backup_01;DK04_to_DK06_backward_main_01;DK04_to_DK06_backward_main_04;DK04_to_DK06_forward_backup_01;DK04_to_DK06_forward_main_01;DK04_to_DK06_forward_main_04,DB01_to_DK04;DB02_to_DK04;DK01_to_DK04;DK02_to_DK04;DK03_to_DK04;DK04_to_DK05;DK04_to_DK06,backward;forward,backup;main,NONE,NONE,0.084938,0.0,0.0,0.0,0.00181,0.99819,4,0,True,0.6657282741738066,0,1,0_1,area_balanced_primary,2,1,1783.0,4.4575,103.0,0.6137693631669535,44,33.0
IP013,3137,3137,300.0,1550.0,0.0,17,17,7,2,2,DB01_to_DK04_backward_main_03;DB01_to_DK04_forward_backup_03;DB02_to_DK04_backward_backup_02;DB02_to_DK04_backward_main_02;DK01_to_DK04_backward_main_04;DK01_to_DK04_forward_main_01;DK02_to_DK04_backward_main_04;DK02_to_DK04_forward_main_01;DK02_to_DK04_forward_main_04;DK03_to_DK04_backward_main_04;DK03_to_DK04_forward_main_01;DK04_to_DK05_backward_main_03;DK04_to_DK05_backward_main_04;DK04_to_DK05_forward_main_01;DK04_to_DK06_backward_main_04;DK04_to_DK06_forward_main_01;DK04_to_DK06_forward_main_04,DB01_to_DK04;DB02_to_DK04;DK01_to_DK04;DK02_to_DK04;DK03_to_DK04;DK04_to_DK05;DK04_to_DK06,backward;forward,backup;main,NONE,NONE,0.084895,0.0,0.0,0.0,0.003085,0.996915,4,0,True,0.4424724602203182,0,1,0_1,area_balanced_extra,2,2,1783.0,4.4575,103.0,0.6137693631669535,44,17.0
IP014,2957,2957,1400.0,1450.0,0.0,31,31,6,2,2,DB01_to_DK01_backward_backup_03;DB01_to_DK01_forward_backup_03;DB01_to_DK01_forward_backup_04;DB01_to_DK01_forward_main_04;DB01_to_DK02_backward_backup_03;DB01_to_DK02_backward_backup_04;DB01_to_DK02_backward_main_03;DB01_to_DK02_backward_main_04;DB01_to_DK02_forward_backup_02;DB01_to_DK02_forward_backup_04;DB01_to_DK02_forward_main_02;DB01_to_DK02_forward_main_04;DB01_to_DK03_backward_backup_02;DB01_to_DK03_backward_backup_04;DB01_to_DK03_backward_main_02;DB01_to_DK03_backward_main_04;DB01_to_DK03_forward_backup_02;DB01_to_DK04_forward_main_03;DB01_to_DK05_backward_backup_01;DB01_to_DK05_backward_backup_02;DB01_to_DK05_backward_backup_04;DB01_to_DK05_backward_main_02;DB01_to_DK05_backward_main_04;DB01_to_DK05_forward_backup_02;DB01_to_DK05_forward_main_02;DB01_to_DK06_backward_backup_01;DB01_to_DK06_backward_backup_03;DB01_to_DK06_backward_backup_04;DB01_to_DK06_backward_main_03;DB01_to_DK06_backward_main_04;DB01_to_DK06_forward_backup_02,DB01_to_DK01;DB01_to_DK02;DB01_to_DK03;DB01_to_DK04;DB01_to_DK05;DB01_to_DK06,backward;forward,backup;main,NONE,NONE,0.081887,0.0,0.0,0.0,0.091572,0.908428,4,0,True,0.6299265605875154,1,1,1_1,area_balanced_primary,2,1,1735.0,4.3375,112.0,0.5972461273666093,36,31.0
IP015,3874,3874,1800.0,1900.0,0.0,10,10,7,2,2,DB01_to_DB02_forward_main_02;DB01_to_DK01_forward_main_01;DB01_to_DK02_backward_main_02;DB01_to_DK02_forward_backup_02;DB01_to_DK03_backward_backup_01;DB01_to_DK05_backward_main_01;DB01_to_DK05_forward_backup_01;DB01_to_DK06_forward_backup_01;DB02_to_DK04_backward_backup_01;DB02_to_DK04_forward_backup_03,DB01_to_DB02;DB01_to_DK01;DB01_to_DK02;DB01_to_DK03;DB01_to_DK05;DB01_to_DK06;DB02_to_DK04,backward;forward,backup;main,NONE,NONE,0.073722,0.0,0.0,0.0,0.331703,0.668297,6,0,True,0.3947980416156671,1,1,1_1,area_balanced_extra,2,2,1735.0,4.3375,112.0,0.5972461273666093,36,10.0
IP016,4787,4787,2000.0,2350.0,0.0,15,15,9,2,2,DB01_to_DK01_backward_main_02;DB01_to_DK02_forward_main_03;DB01_to_DK05_backward_main_04;DB01_to_DK06_forward_main_02;DB02_to_DK02_backward_backup_01;DB02_to_DK02_backward_main_01;DB02_to_DK02_forward_backup_01;DB02_to_DK05_backward_backup_04;DB02_to_DK05_backward_main_04;DB02_to_DK05_forward_backup_03;DB02_to_DK06_forward_main_04;DK01_to_DK04_backward_backup_03;DK01_to_DK04_backward_main_03;DK04_to_DK06_backward_backup_03;DK04_to_DK06_backward_main_03,DB01_to_DK01;DB01_to_DK02;DB01_to_DK05;DB01_to_DK06;DB02_to_DK02;DB02_to_DK05;DB02_to_DK06;DK01_to_DK04;DK04_to_DK06,backward;forward,backup;main,NONE,NONE,0.066943,0.0,0.0,0.0,0.531096,0.468904,7,0,True,0.5053549571603427,2,2,2_2,area_balanced_primary,2,1,1690.0,4.225,15.0,0.5817555938037866,30,15.0
IP017,4495,4495,2550.0,2200.0,0.0,11,11,7,2,2,DB01_to_DK01_forward_main_03;DB01_to_DK03_backward_main_02;DB01_to_DK03_forward_backup_02;DB02_to_DK01_forward_backup_03;DB02_to_DK02_forward_main_01;DB02_to_DK02_forward_main_04;DB02_to_DK05_backward_backup_04;DB02_to_DK05_backward_main_04;DB02_to_DK05_forward_backup_03;DB02_to_DK06_forward_backup_03;DK03_to_DK04_backward_backup_03,DB01_to_DK01;DB01_to_DK03;DB02_to_DK01;DB02_to_DK02;DB02_to_DK05;DB02_to_DK06;DK03_to_DK04,backward;forward,backup;main,NONE,NONE,0.05525,0.0,0.0,0.0,0.892899,0.107101,5,0,True,0.3837515299877601,2,2,2_2,area_balanced_extra,2,2,1690.0,4.225,15.0,0.5817555938037866,30,11.0
IP018,8329,8329,2350.0,4100.0,0.0,13,13,9,2,2,DB01_to_DK03_forward_main_04;DB02_to_DK02_forward_main_03;DB02_to_DK06_forward_main_02;DK01_to_DK03_forward_main_03;DK01_to_DK06_backward_backup_04;DK01_to_DK06_forward_backup_04;DK02_to_DK03_backward_backup_04;DK02_to_DK03_backward_main_04;DK02_to_DK03_forward_backup_02;DK03_to_DK04_backward_backup_01;DK03_to_DK04_forward_backup_04;DK03_to_DK05_forward_backup_03;DK03_to_DK06_backward_backup_04,DB01_to_DK03;DB02_to_DK02;DB02_to_DK06;DK01_to_DK03;DK01_to_DK06;DK02_to_DK03;DK03_to_DK04;DK03_to_DK05;DK03_to_DK06,backward;forward,backup;main,NONE,NONE,0.05525,0.0,0.0,0.0,0.992218,0.007782,5,0,True,0.42744798041615667,2,4,2_4,area_balanced_primary,2,1,1547.0,3.8675,14.0,0.5325301204819277,11,13.0
IP019,9245,9245,2700.0,4550.0,0.0,10,10,6,2,2,DB02_to_DK03_forward_backup_04;DK01_to_DK03_backward_backup_03;DK02_to_DK03_backward_backup_02;DK02_to_DK03_backward_main_02;DK02_to_DK03_forward_backup_03;DK03_to_DK04_forward_backup_03;DK03_to_DK04_forward_main_03;DK03_to_DK05_forward_main_01;DK03_to_DK06_backward_backup_02;DK03_to_DK06_forward_backup_01,DB02_to_DK03;DK01_to_DK03;DK02_to_DK03;DK03_to_DK04;DK03_to_DK05;DK03_to_DK06,backward;forward,backup;main,NONE,NONE,0.060606,0.0,0.0,0.0,0.717465,0.282535,5,1,True,0.3619033047735618,2,4,2_4,area_balanced_extra,2,2,1547.0,3.8675,14.0,0.5325301204819277,11,10.0
IP020,5312,5312,3000.0,2600.0,0.0,14,14,8,2,2,DB01_to_DK01_backward_main_01;DB01_to_DK03_forward_main_02;DB02_to_DK01_forward_main_01;DB02_to_DK02_backward_backup_02;DB02_to_DK02_backward_main_02;DB02_to_DK02_forward_backup_02;DB02_to_DK04_backward_backup_02;DB02_to_DK04_backward_main_02;DB02_to_DK04_forward_backup_02;DB02_to_DK05_backward_main_02;DB02_to_DK05_forward_backup_01;DB02_to_DK06_backward_backup_04;DB02_to_DK06_backward_main_04;DK03_to_DK04_backward_main_03,DB01_to_DK01;DB01_to_DK03;DB02_to_DK01;DB02_to_DK02;DB02_to_DK04;DB02_to_DK05;DB02_to_DK06;DK03_to_DK04,backward;forward,backup;main,NONE,NONE,0.05525,0.0,0.0,0.0,0.944934,0.055066,6,0,True,0.4585067319461444,3,2,3_2,area_balanced_primary,1,1,1297.0,3.2425,14.0,0.44647160068846814,13,14.0
IP021,6881,6881,650.0,3400.0,0.0,35,35,19,2,2,DB01_to_DK02_backward_backup_01;DB01_to_DK02_backward_main_01;DB01_to_DK02_forward_backup_01;DB01_to_DK05_forward_main_03;DB01_to_DK06_forward_main_03;DB02_to_DK02_backward_backup_01;DB02_to_DK02_backward_main_01;DB02_to_DK02_forward_backup_01;DB02_to_DK05_forward_main_03;DB02_to_DK06_forward_main_04;DK01_to_DK02_backward_backup_01;DK01_to_DK02_backward_main_01;DK01_to_DK02_forward_backup_01;DK01_to_DK04_forward_backup_03;DK01_to_DK04_forward_main_03;DK01_to_DK05_forward_main_04;DK02_to_DK03_backward_backup_04;DK02_to_DK03_backward_main_04;DK02_to_DK03_forward_backup_02;DK02_to_DK04_backward_backup_01;DK02_to_DK04_backward_main_01;DK02_to_DK04_forward_backup_01;DK02_to_DK05_forward_main_03;DK02_to_DK06_backward_backup_04;DK02_to_DK06_backward_main_04;DK02_to_DK06_forward_backup_02;DK03_to_DK04_forward_backup_03;DK03_to_DK04_forward_main_03;DK03_to_DK05_forward_main_03;DK03_to_DK06_backward_main_01;DK04_to_DK05_forward_backup_02;DK04_to_DK05_forward_main_02;DK04_to_DK06_forward_backup_03;DK04_to_DK06_forward_main_03;DK05_to_DK06_forward_main_04,DB01_to_DK02;DB01_to_DK05;DB01_to_DK06;DB02_to_DK02;DB02_to_DK05;DB02_to_DK06;DK01_to_DK02;DK01_to_DK04;DK01_to_DK05;DK02_to_DK03;DK02_to_DK04;DK02_to_DK05;DK02_to_DK06;DK03_to_DK04;DK03_to_DK05;DK03_to_DK06;DK04_to_DK05;DK04_to_DK06;DK05_to_DK06,backward;forward,backup;main,NONE,NONE,0.082316,0.0,0.0,0.0,0.07894,0.92106,3,0,True,0.7633720930232558,0,3,0_3,area_balanced_primary,1,1,1192.0,2.98,35.0,0.4103270223752151,50,35.0
IP022,2811,2811,4200.0,1350.0,0.0,43,43,7,2,2,DB01_to_DB02_backward_main_02;DB01_to_DB02_forward_backup_01;DB01_to_DB02_forward_main_01;DB01_to_DB02_forward_main_04;DB02_to_DK01_backward_backup_01;DB02_to_DK01_backward_main_01;DB02_to_DK01_backward_main_03;DB02_to_DK01_forward_backup_01;DB02_to_DK01_forward_main_01;DB02_to_DK02_backward_backup_01;DB02_to_DK02_backward_backup_02;DB02_to_DK02_backward_main_01;DB02_to_DK02_backward_main_02;DB02_to_DK02_backward_main_03;DB02_to_DK02_forward_backup_01;DB02_to_DK02_forward_main_01;DB02_to_DK02_forward_main_04;DB02_to_DK03_backward_backup_01;DB02_to_DK03_backward_backup_02;DB02_to_DK03_backward_main_01;DB02_to_DK03_backward_main_02;DB02_to_DK03_forward_backup_01;DB02_to_DK03_forward_main_01;DB02_to_DK04_backward_backup_02;DB02_to_DK04_backward_main_01;DB02_to_DK04_backward_main_02;DB02_to_DK04_backward_main_04;DB02_to_DK04_forward_backup_01;DB02_to_DK04_forward_main_01;DB02_to_DK04_forward_main_03;DB02_to_DK05_backward_backup_02;DB02_to_DK05_backward_backup_04;DB02_to_DK05_backward_main_02;DB02_to_DK05_backward_main_04;DB02_to_DK05_forward_backup_01;DB02_to_DK05_forward_main_01;DB02_to_DK06_backward_backup_01;DB02_to_DK06_backward_backup_02;DB02_to_DK06_backward_backup_04;DB02_to_DK06_backward_main_02;DB02_to_DK06_backward_main_04;DB02_to_DK06_forward_backup_01;DB02_to_DK06_forward_main_01,DB01_to_DB02;DB02_to_DK01;DB02_to_DK02;DB02_to_DK03;DB02_to_DK04;DB02_to_DK05;DB02_to_DK06,backward;forward,backup;main,NONE,NONE,0.059979,0.0,0.0,0.0,0.735915,0.264085,4,2,True,0.8052631578947368,4,1,4_1,area_balanced_primary,1,1,1033.0,2.5825,110.0,0.35559380378657485,28,43.0
IP023,5976,5976,850.0,2950.0,0.0,30,30,14,2,2,DB01_to_DK02_backward_backup_01;DB01_to_DK02_backward_main_01;DB01_to_DK02_forward_backup_01;DB01_to_DK05_backward_backup_03;DB01_to_DK05_backward_main_03;DB01_to_DK05_forward_backup_03;DB01_to_DK06_forward_backup_03;DB02_to_DK02_backward_backup_01;DB02_to_DK02_backward_main_01;DB02_to_DK02_forward_backup_01;DB02_to_DK05_backward_backup_04;DB02_to_DK05_backward_main_04;DB02_to_DK05_forward_backup_03;DB02_to_DK06_forward_backup_04;DK01_to_DK02_backward_backup_01;DK01_to_DK02_backward_main_01;DK01_to_DK02_forward_backup_01;DK01_to_DK05_forward_backup_04;DK02_to_DK03_backward_backup_04;DK02_to_DK03_backward_main_04;DK02_to_DK03_forward_backup_02;DK02_to_DK05_forward_backup_03;DK02_to_DK06_backward_backup_04;DK02_to_DK06_backward_main_04;DK02_to_DK06_forward_backup_02;DK03_to_DK05_backward_backup_04;DK03_to_DK05_backward_main_04;DK03_to_DK05_forward_backup_03;DK03_to_DK06_backward_backup_01;DK05_to_DK06_forward_backup_04,DB01_to_DK02;DB01_to_DK05;DB01_to_DK06;DB02_to_DK02;DB02_to_DK05;DB02_to_DK06;DK01_to_DK02;DK01_to_DK05;DK02_to_DK03;DK02_to_DK05;DK02_to_DK06;DK03_to_DK05;DK03_to_DK06;DK05_to_DK06,backward;forward,backup;main,NONE,NONE,0.082523,0.0,0.0,0.0,0.072865,0.927135,2,0,True,0.6291309669522644,0,2,0_2,area_balanced_primary,1,1,985.0,2.4625,30.0,0.33907056798623064,42,30.0
IP024,3715,3715,3950.0,1800.0,0.0,10,10,7,2,2,DB01_to_DB02_backward_backup_03;DB02_to_DK01_backward_backup_03;DB02_to_DK02_backward_backup_04;DB02_to_DK02_backward_main_04;DB02_to_DK02_forward_backup_02;DB02_to_DK03_backward_backup_04;DB02_to_DK04_forward_backup_02;DB02_to_DK05_backward_main_03;DB02_to_DK05_forward_backup_04;DB02_to_DK06_backward_backup_01,DB01_to_DB02;DB02_to_DK01;DB02_to_DK02;DB02_to_DK03;DB02_to_DK04;DB02_to_DK05;DB02_to_DK06,backward;forward,backup;main,NONE,NONE,0.05525,0.0,0.0,0.0,0.915861,0.084139,5,2,True,0.3697980416156671,3,1,3_1,area_balanced_primary,1,1,842.0,2.105,12.0,0.28984509466437175,14,10.0
IP025,9151,9151,3050.0,4500.0,0.0,35,35,7,2,2,DB01_to_DK03_backward_backup_01;DB01_to_DK03_backward_backup_03;DB01_to_DK03_backward_main_03;DB01_to_DK03_forward_backup_01;DB01_to_DK03_forward_main_01;DB02_to_DK03_backward_backup_02;DB02_to_DK03_backward_main_02;DB02_to_DK03_forward_backup_03;DK01_to_DK03_backward_backup_01;DK01_to_DK03_backward_backup_02;DK01_to_DK03_forward_backup_01;DK01_to_DK03_forward_main_01;DK02_to_DK03_backward_backup_01;DK02_to_DK03_backward_backup_04;DK02_to_DK03_backward_main_04;DK02_to_DK03_forward_backup_01;DK02_to_DK03_forward_main_01;DK03_to_DK04_backward_backup_02;DK03_to_DK04_backward_main_01;DK03_to_DK04_backward_main_02;DK03_to_DK04_backward_main_03;DK03_to_DK04_backward_main_04;DK03_to_DK04_forward_backup_01;DK03_to_DK04_forward_main_01;DK03_to_DK04_forward_main_04;DK03_to_DK05_backward_backup_02;DK03_to_DK05_backward_backup_03;DK03_to_DK05_backward_main_03;DK03_to_DK05_forward_backup_01;DK03_to_DK05_forward_backup_03;DK03_to_DK05_forward_backup_04;DK03_to_DK05_forward_main_04;DK03_to_DK06_backward_backup_03;DK03_to_DK06_backward_main_03;DK03_to_DK06_forward_backup_03,DB01_to_DK03;DB02_to_DK03;DK01_to_DK03;DK02_to_DK03;DK03_to_DK04;DK03_to_DK05;DK03_to_DK06,backward;forward,backup;main,NONE,NONE,0.065928,0.0,0.0,0.0,0.560949,0.439051,4,1,True,0.6936352509179926,3,4,3_4,area_balanced_primary,1,1,807.0,2.0175,111.0,0.27779690189328743,10,35.0
IP026,3882,3882,2200.0,1900.0,0.0,10,10,8,2,2,DB01_to_DB02_forward_main_02;DB01_to_DK01_backward_backup_01;DB01_to_DK03_backward_main_04;DB01_to_DK03_forward_backup_03;DB01_to_DK06_backward_backup_04;DB02_to_DK01_forward_main_04;DB02_to_DK03_forward_backup_04;DB02_to_DK04_backward_backup_01;DB02_to_DK04_forward_backup_03;DB02_to_DK06_forward_main_04,DB01_to_DB02;DB01_to_DK01;DB01_to_DK03;DB01_to_DK06;DB02_to_DK01;DB02_to_DK03;DB02_to_DK04;DB02_to_DK06,backward;forward,backup;main,NONE,NONE,0.065207,0.0,0.0,0.0,0.582157,0.417843,6,0,True,0.40269277845777235,2,1,2_1,area_balanced_primary,1,1,567.0,1.4175,10.0,0.19518072289156627,1,10.0
